{"accuracy": [0.5775802135467529, 0.8441425561904907, 0.8941034078598022, 0.9155985713005066, 0.9210327863693237, 0.9316309690475464, 0.9372217059135437, 0.9347606301307678, 0.9409204125404358, 0.9399530291557312], "loss": [1.4028714895248413, 0.47393912076950073, 0.31921032071113586, 0.2552857995033264, 0.23485854268074036, 0.20470836758613586, 0.18797944486141205, 0.19936949014663696, 0.1806982010602951, 0.18624214828014374], "val_accuracy": [0.8070794343948364, 0.8555087447166443, 0.9001252055168152, 0.8862963914871216, 0.8851581811904907, 0.886751651763916, 0.8946050405502319, 0.901149570941925, 0.9012064933776855, 0.9103118777275085], "val_loss": [0.5939806699752808, 0.44155994057655334, 0.31675413250923157, 0.35319849848747253, 0.3695140779018402, 0.36766284704208374, 0.3733203113079071, 0.3312954604625702, 0.3351954221725464, 0.30224770307540894]}